{
  "anvil_cost": 4,
  "description": {
    "translate": "enchantment.better-mining.veinminer"
  },
  "effects": {
    "minecraft:hit_block": [
      {
        "effect": {
          "type": "better-mining:veinminer",
          "range": 10
        }
      }
    ]
  },
  "max_cost": {
    "base": 1,
    "per_level_above_first": 10
  },
  "max_level": 1,
  "min_cost": {
    "base": 1,
    "per_level_above_first": 5
  },
  "slots": [
    "hand"
  ],
  "supported_items": "#minecraft:pickaxes",
  "weight": 15
}