{
	"schemaVersion": 1,
	"id": "better-mining",
	"version": "${version}",
	"name": "Better Mining",
	"description": "",
	"authors": [
		"Samuel Heath"
	],
	"contact": {
		"homepage": "https://fabricmc.net/",
		"sources": "https://github.com/FabricMC/fabric-example-mod"
	},
	"license": "CC0-1.0",
	"icon": "assets/better-mining/icon.png",
	"environment": "server",
	"entrypoints": {
		"main": [
			"com.sheath.BetterMining"
		],
		"fabric-datagen": [
			"com.sheath.BetterMiningDataGenerator"
		]
	},
	"mixins": [
		"better-mining.mixins.json"
	],
	"depends": {
		"fabricloader": ">=0.16.10",
		"minecraft": "~1.21.4",
		"java": ">=21",
		"fabric-api": "*"
	},
	"suggests": {
	}
}